<?xml version="1.0"?>
<rss version="2.0">
    <channel>
        <item>
            <title>Argentina Football Match</title>
            <link>http://pdc.online.no/sfanytimepub/2300/BM_4667_2300_tr.wmv</link>
            <description>
                Goals from a football match. This video is from the UCC demo widget.
            </description>
        </item>
        <item>
            <title>Short movie trailer</title>
            <link>http://10.88.51.238/movie.mp4</link>
            <description>
                This is a trailer for the new Transformers movie. Lots of robots and people fighting each other. The cinema is comming soon!
            </description>
        </item>
        <item>
            <title>Test1</title>
            <link>http://10.88.51.238/movie1.ts</link>
            <description>
                This one for just test! This video is as same as 'Argentina Football Match'. Goals from a football match. This video is from the UCC demo widget.
            </description>
        </item>
        <item>
            <title>Test2</title>
            <link>http://pdc.online.no/sfanytimepub/2300/BM_4667_2300_tr.wmv</link>
            <description>
                This one for just test! This video is as same as 'Short movie trailer'. This is a trailer for the new Transformers movie. Lots of robots and people fighting each other. The cinema is comming soon!
            </description>
        </item>
        <item>
            <title>Test3</title>
            <link>http://107.109.39.183/videos/Argentina.mp4</link>
            <description>
                This one for just test! This video is as same as 'Argentina Football Match'. Goals from a football match. This video is from the UCC demo widget.
            </description>
        </item>
        <item>
            <title>Test4</title>
            <link>http://107.109.39.183/videos/movie.mp4</link>
            <description>
                This one for just test! This video is as same as 'Short movie trailer'. This is a trailer for the new Transformers movie. Lots of robots and people fighting each other. The cinema is comming soon!
            </description>
        </item>
                <item>
            <title>Test5</title>
            <link>http://107.109.39.183/videos/Argentina.mp4</link>
            <description>
                This one for just test! This video is as same as 'Argentina Football Match'. Goals from a football match. This video is from the UCC demo widget.
            </description>
        </item>
        <item>
            <title>Test6</title>
            <link>http://107.109.39.183/videos/movie.mp4</link>
            <description>
                This one for just test! This video is as same as 'Short movie trailer'. This is a trailer for the new Transformers movie. Lots of robots and people fighting each other. The cinema is comming soon!
            </description>
        </item>
    </channel>
</rss>
